,,,,
Europe,,,,
,,United Kingdom,,
,,,England,
,,,,Avon
,,,,Bedfordshire
,,,,Berkshire
,,,,Buckinghamshire
,,,,Cambridgeshire
,,,,Cheshire
,,,,Cleveland
,,,,Cornwall
,,,,County Durham
,,,,Cumbria
,,,,Derbyshire
,,,,Devon
,,,,Dorset
,,,,East Sussex
,,,,Essex
,,,,Gloucestershire
,,,,Greater London
,,,,Greater Manchester
,,,,Hampshire
,,,,Herefordshire
,,,,Hertfordshire
,,,,Isle of Wight
,,,,Isles of Scilly
,,,,Kent
,,,,Lancashire
,,,,Leicestershire
,,,,Lincolnshire
,,,,Merseyside
,,,,Middlesex
,,,,Norfolk
,,,,North Humberside
,,,,North Yorkshire
,,,,Northamptonshire
,,,,Northumberland
,,,,Nottinghamshire
,,,,Oxfordshire
,,,,Rutland
,,,,Shropshire
,,,,Somerset
,,,,South Yorkshire
,,,,Staffordshire
,,,,Suffolk
,,,,Surrey
,,,,Tyne and Wear
,,,,Warwickshire
,,,,West Midlands
,,,,West Sussex
,,,,West Yorkshire
,,,,Wiltshire
,,,,Worcestershire
,,,,Yorkshire
,,,Northern Ireland,
,,,,County Antrim
,,,,County Armagh
,,,,County Down
,,,,County Fermanagh
,,,,County Londonderry
,,,,County Tyrone
,,,Scotland,
,,,,Aberdeenshire
,,,,Angus
,,,,Argyllshire
,,,,Ayrshire
,,,,Banffshire
,,,,Borders
,,,,Caithness
,,,,Clackmannanshire
,,,,Dumfriesshire
,,,,Dunbartonshire
,,,,East Lothian
,,,,Fife
,,,,Humberside
,,,,Inverness-shire
,,,,Isle of Arran
,,,,Isle of Barra
,,,,Isle of Benbecula
,,,,Isle of Bute
,,,,Isle of Canna
,,,,Isle of Coll
,,,,Isle of Colonsay
,,,,Isle of Cumbrae
,,,,Isle of Eigg
,,,,Isle of Gigha
,,,,Isle of Harris
,,,,Isle of Iona
,,,,Isle of Jura
,,,,Isle of Lewis
,,,,Isle of Man
,,,,Isle of Mull
,,,,Isle of North Uist
,,,,Isle of Orkney
,,,,Isle of Rhum
,,,,Isle of Scalpay
,,,,Isle of Shetland
,,,,Isle of Skye
,,,,Isle of South Uist
,,,,Isle of Tiree
,,,,Kincardineshire
,,,,Kinross-shire
,,,,Kirkudbrightshire
,,,,Lanarkshire
,,,,Lothian
,,,,Midlothian
,,,,Morayshire
,,,,Nairnshire
,,,,Peebleshire
,,,,Perthshire
,,,,Renfrewshire
,,,,Ross-shire
,,,,Roxburghshire
,,,,Selkirkshire
,,,,Stirlingshire
,,,,Strathclyde
,,,,Strathclyde
,,,,Sutherland
,,,,Tayside
,,,,West Lothian
,,,,Wigtownshire
,,,Wales,
,,,,Clwyd
,,,,Dyfed
,,,,Gwent
,,,,Gwynedd
,,,,Mid Glamorgan
,,,,Powys
,,,,South Glamorgan
,,,,West Glamorgan
